[{
  "_id": {
    "$oid": "67356c09ad874c3242e97b1f"
  },
  "user_id": "67356be9ad874c3242e97aca",
  "event_id": "6735375d8c10970a93cc2fa2",
  "person": "4",
  "price": {
    "$numberDecimal": "76"
  },
  "is_payment_complete": true,
  "createdAt": {
    "$date": "2024-11-14T03:18:33.716Z"
  },
  "updatedAt": {
    "$date": "2024-11-14T03:18:49.068Z"
  },
  "__v": 0
},
{
  "_id": {
    "$oid": "67356e1fad874c3242e97b7d"
  },
  "user_id": "67356be9ad874c3242e97aca",
  "event_id": "673537f18c10970a93cc2fc3",
  "person": "3",
  "price": {
    "$numberDecimal": "105"
  },
  "is_payment_complete": true,
  "createdAt": {
    "$date": "2024-11-14T03:27:27.476Z"
  },
  "updatedAt": {
    "$date": "2024-11-14T03:27:41.628Z"
  },
  "__v": 0
}]