[{
  "_id": {
    "$oid": "6734e27ed6c036425a14e58d"
  },
  "title": "Jazz & Blues Nights: A Tribute to Timeless Classics",
  "spanishTitle": "Noches de jazz y blues: un tributo a los clásicos atemporales",
  "description": "Relax and unwind with the soulful sounds of \"Jazz & Blues Nights,\" a tribute to the legends of jazz and blues. This intimate event features live performances by renowned jazz ensembles, blues bands, and solo artists who bring classics to life. With candlelit tables, vintage decor, and a cozy atmosphere, \"Jazz & Blues Nights\" invites audiences to savor the magic of timeless melodies in a night of pure musical nostalgia.",
  "spanishDescription": "Relájese y descanse con los sonidos conmovedores de \"Jazz & Blues Nights\", un tributo a las leyendas del jazz y el blues. Este evento íntimo presenta presentaciones en vivo de reconocidos conjuntos de jazz, bandas de blues y artistas solistas que dan vida a los clásicos. Con mesas iluminadas con velas, decoración vintage y un ambiente acogedor, \"Jazz & Blues Nights\" invita al público a saborear la magia de melodías atemporales en una noche de pura nostalgia musical.",
  "location": "Charlotte",
  "date": "2025-02-20",
  "price": {
    "$numberDecimal": "10"
  },
  "image": "dance-2_1731519102-854216326.jpeg",
  "category": "dance",
  "createdAt": {
    "$date": "2024-11-13T17:31:42.664Z"
  },
  "updatedAt": {
    "$date": "2024-11-13T17:31:42.664Z"
  },
  "__v": 0
},
{
  "_id": {
    "$oid": "6734fb450a0ba7767f0570c5"
  },
  "title": "Fantasy Fair: A Magical Carnival Adventure",
  "spanishTitle": "Feria de Fantasía: Una Mágica Aventura de Carnaval",
  "description": "Step into a world of fantasy and wonder at the \"Fantasy Fair,\" where imagination comes alive! Featuring enchanting carnival rides, magical light displays, and costumed performers, this event takes you on a journey into a whimsical realm. With fairy-tale-inspired games, thrilling attractions, and mystical characters roaming the grounds, \"Fantasy Fair\" is the ultimate carnival experience for those young and young-at-heart.",
  "spanishDescription": "Ingrese a un mundo de fantasía y maravíllese en la \"Feria de Fantasía\", ¡donde la imaginación cobra vida! Con encantadoras atracciones de carnaval, exhibiciones de luces mágicas y artistas disfrazados, este evento te lleva en un viaje a un reino caprichoso. Con juegos inspirados en cuentos de hadas, atracciones emocionantes y personajes místicos deambulando por el recinto, \"Fantasy Fair\" es la mejor experiencia de carnaval para los jóvenes y los jóvenes de corazón.",
  "location": "Concord",
  "date": "2024-12-18",
  "price": {
    "$numberDecimal": "8"
  },
  "image": "carnival-2_1731525445-524532.jpeg",
  "category": "carnival",
  "createdAt": {
    "$date": "2024-11-13T19:17:25.311Z"
  },
  "updatedAt": {
    "$date": "2024-11-13T19:17:25.311Z"
  },
  "__v": 0
},
{
  "_id": {
    "$oid": "67352ede8c10970a93cc2ece"
  },
  "title": "Starlight Swing: A Night of Ballroom Dance",
  "spanishTitle": "Starlight Swing: una noche de baile de salón",
  "description": "Step into elegance and charm at \"Starlight Swing,\" a night of ballroom dance that transports you to a world of timeless sophistication. Featuring live music, elegant decor, and a dance floor open to all levels, this event invites guests to experience classic ballroom styles such as the waltz, tango, and foxtrot. With professional showcases and an opportunity to dance under the stars, \"Starlight Swing\" is a magical evening of grace, rhythm, and romance.",
  "spanishDescription": "Sumérgete en la elegancia y el encanto en \"Starlight Swing\", una noche de baile de salón que te transporta a un mundo de sofisticación atemporal. Con música en vivo, una decoración elegante y una pista de baile abierta a todos los niveles, este evento invita a los invitados a experimentar estilos clásicos de salón como el vals, el tango y el foxtrot. Con presentaciones profesionales y la oportunidad de bailar bajo las estrellas, \"Starlight Swing\" es una velada mágica de gracia, ritmo y romance.",
  "location": "Charlotte",
  "date": "2024-12-10",
  "price": {
    "$numberDecimal": "35"
  },
  "image": "dance-3_1731538654-350129665.jpeg",
  "category": "dance",
  "createdAt": {
    "$date": "2024-11-13T22:57:34.594Z"
  },
  "updatedAt": {
    "$date": "2024-11-13T22:57:34.594Z"
  },
  "__v": 0
},
{
  "_id": {
    "$oid": "673535cb8c10970a93cc2f2d"
  },
  "title": "Carnival of Colors: A Festive Extravaganza",
  "spanishTitle": "Carnaval de colores: un espectáculo festivo",
  "description": "Dive into a world bursting with color and excitement at the \"Carnival of Colors!\" This vibrant event brings together dazzling parades, colorful costumes, and captivating performances that celebrate the joy of carnival. From live music and street dancers to face painting and interactive art installations, \"Carnival of Colors\" is a family-friendly event that invites everyone to revel in the spirit of creativity and community.",
  "spanishDescription": "Sumérgete en un mundo lleno de color y emoción en el \"Carnaval de Colores\". Este vibrante evento reúne desfiles deslumbrantes, trajes coloridos y actuaciones cautivadoras que celebran la alegría del carnaval. Desde música en vivo y bailarines callejeros hasta pintura de caras e instalaciones artísticas interactivas, \"Carnival of Colors\" es un evento familiar que invita a todos a deleitarse con el espíritu de creatividad y comunidad.",
  "location": "Concord",
  "date": "2025-01-31",
  "price": {
    "$numberDecimal": "12"
  },
  "image": "carnival-3_1731540427-441531579.jpeg",
  "category": "carnival",
  "createdAt": {
    "$date": "2024-11-13T23:27:07.051Z"
  },
  "updatedAt": {
    "$date": "2024-11-13T23:27:07.051Z"
  },
  "__v": 0
},
{
  "_id": {
    "$oid": "6735365d8c10970a93cc2f48"
  },
  "title": "Legends of the Court: Annual 3-on-3 Basketball Tournament",
  "spanishTitle": "Leyendas de la cancha: Torneo anual de baloncesto 3 contra 3",
  "description": "Step onto the court and experience the thrill of fast-paced, high-intensity basketball in the \"Legends of the Court\" 3-on-3 Tournament! Teams from across the region will compete in short, electrifying games for a shot at the championship title. With live commentary, fan zones, and special halftime entertainment, this tournament is more than just a game—it’s a community celebration of skill, teamwork, and passion for basketball.",
  "spanishDescription": "¡Entra a la cancha y experimenta la emoción del baloncesto trepidante y de alta intensidad en el torneo 3 contra 3 \"Legends of the Court\"! Equipos de toda la región competirán en partidos cortos y electrizantes por una oportunidad por el título del campeonato. Con comentarios en vivo, zonas para fanáticos y entretenimiento especial en el entretiempo, este torneo es más que un simple juego: es una celebración comunitaria de habilidad, trabajo en equipo y pasión por el baloncesto.",
  "location": "Charlotte",
  "date": "2025-01-02",
  "price": {
    "$numberDecimal": "45"
  },
  "image": "sports-4_1731540573-699649802.jpeg",
  "category": "sports",
  "createdAt": {
    "$date": "2024-11-13T23:29:33.284Z"
  },
  "updatedAt": {
    "$date": "2024-11-13T23:29:33.284Z"
  },
  "__v": 0
},
{
  "_id": {
    "$oid": "673536e08c10970a93cc2f65"
  },
  "title": "Urban Rush: City Marathon Challenge",
  "spanishTitle": "Urban Rush: desafío de maratón de la ciudad",
  "description": "Take on the pulse-pounding streets of the city in the \"Urban Rush\" marathon! Designed for runners of all levels, this marathon leads participants through iconic city landmarks, vibrant neighborhoods, and scenic routes that showcase the heart of the urban landscape. With live music, cheering stations, and post-race celebrations, \"Urban Rush\" combines fitness and community spirit, making it the ultimate marathon experience for city runners.",
  "spanishDescription": "¡Enfréntate a las trepidantes calles de la ciudad en el maratón \"Urban Rush\"! Diseñado para corredores de todos los niveles, este maratón lleva a los participantes a través de lugares emblemáticos de la ciudad, vecindarios vibrantes y rutas panorámicas que muestran el corazón del paisaje urbano. Con música en vivo, estaciones de animación y celebraciones posteriores a la carrera, \"Urban Rush\" combina fitness y espíritu comunitario, lo que lo convierte en la mejor experiencia de maratón para los corredores de la ciudad.",
  "location": "Charlotte",
  "date": "2024-12-14",
  "price": {
    "$numberDecimal": "25"
  },
  "image": "sport-1_1731540704-392973721.jpeg",
  "category": "sports",
  "createdAt": {
    "$date": "2024-11-13T23:31:44.300Z"
  },
  "updatedAt": {
    "$date": "2024-11-13T23:31:44.300Z"
  },
  "__v": 0
},
{
  "_id": {
    "$oid": "6735375d8c10970a93cc2fa2"
  },
  "title": "Light & Form: An Exploration of Contemporary Sculptures",
  "spanishTitle": "Luz y forma: una exploración de las esculturas contemporáneas",
  "description": "Experience the innovative world of contemporary sculpture in \"Light & Form,\" where artists manipulate light, texture, and form to evoke emotions and inspire reflection. This event includes artist-led talks, interactive installations, and a series of thought-provoking exhibits that challenge traditional notions of sculpture. A perfect opportunity for art enthusiasts to delve into the conceptual depth of modern three-dimensional art.",
  "spanishDescription": "Experimente el mundo innovador de la escultura contemporánea en \"Light & Form\", donde los artistas manipulan la luz, la textura y la forma para evocar emociones e inspirar reflexión. Este evento incluye charlas dirigidas por artistas, instalaciones interactivas y una serie de exhibiciones que invitan a la reflexión y que desafían las nociones tradicionales de la escultura. Una oportunidad perfecta para que los entusiastas del arte profundicen en la profundidad conceptual del arte tridimensional moderno.",
  "location": "Charlotte",
  "date": "2024-12-22",
  "price": {
    "$numberDecimal": "19"
  },
  "image": "art-2_1731540829-362959602.jpeg",
  "category": "art",
  "createdAt": {
    "$date": "2024-11-13T23:33:49.634Z"
  },
  "updatedAt": {
    "$date": "2024-11-13T23:33:49.634Z"
  },
  "__v": 0
},
{
  "_id": {
    "$oid": "673537f18c10970a93cc2fc3"
  },
  "title": "Rhythm & Roots: A Global Music Festival",
  "spanishTitle": "Ritmo y raíces: un festival de música global",
  "description": "Experience a musical journey across continents at \"Rhythm & Roots,\" a festival celebrating diverse sounds from around the world. Featuring live performances by international artists, interactive drumming circles, and dance workshops, this festival immerses attendees in the rich tapestry of global music traditions. From Latin beats to African rhythms and everything in between, \"Rhythm & Roots\" is a tribute to the universal language of music.",
  "spanishDescription": "Experimente un viaje musical a través de continentes en \"Rhythm & Roots\", un festival que celebra diversos sonidos de todo el mundo. Con actuaciones en vivo de artistas internacionales, círculos interactivos de percusión y talleres de danza, este festival sumerge a los asistentes en el rico tapiz de las tradiciones musicales globales. Desde ritmos latinos hasta ritmos africanos y todo lo demás, \"Rhythm & Roots\" es un tributo al lenguaje universal de la música.",
  "location": "Charlotte",
  "date": "2024-12-21",
  "price": {
    "$numberDecimal": "35"
  },
  "image": "music-2_1731540977-784355711.jpeg",
  "category": "music",
  "createdAt": {
    "$date": "2024-11-13T23:36:17.162Z"
  },
  "updatedAt": {
    "$date": "2024-11-13T23:36:17.162Z"
  },
  "__v": 0
}]