[{
  "_id": {
    "$oid": "67356c04ad874c3242e97b00"
  },
  "user_id": "67356be9ad874c3242e97aca",
  "event_id": "6735375d8c10970a93cc2fa2",
  "createdAt": {
    "$date": "2024-11-14T03:18:28.579Z"
  },
  "updatedAt": {
    "$date": "2024-11-14T03:18:28.579Z"
  },
  "__v": 0
},
{
  "_id": {
    "$oid": "67356c06ad874c3242e97b0f"
  },
  "user_id": "67356be9ad874c3242e97aca",
  "event_id": "6734fb450a0ba7767f0570c5",
  "createdAt": {
    "$date": "2024-11-14T03:18:30.251Z"
  },
  "updatedAt": {
    "$date": "2024-11-14T03:18:30.251Z"
  },
  "__v": 0
}]