[{
  "_id": {
    "$oid": "672ce5d24d0daee6f54d4b07"
  },
  "firstname": "Mit",
  "lastname": "Pandya",
  "email": "mpandya1@gmail.com",
  "password": "$2a$10$lfM/RFA6qfZ53KBx8SC9kOdGClksGA2Ppo7vOVaD0Q74Yd5FFBt/G",
  "createdAt": {
    "$date": "2024-11-07T16:07:46.636Z"
  },
  "updatedAt": {
    "$date": "2024-11-07T16:07:46.636Z"
  },
  "__v": 0
},
{
  "_id": {
    "$oid": "6733bd93cb320fa8728ee858"
  },
  "firstname": "Mit",
  "lastname": "Pandya",
  "email": "admin@gmail.com",
  "password": "$2a$10$gt2pOSsTChmRIe5khcmTtuA8bzyYqDckSec9M4ZE01.xjgtdzeLo.",
  "createdAt": {
    "$date": "2024-11-12T20:41:55.840Z"
  },
  "updatedAt": {
    "$date": "2024-11-12T20:41:55.840Z"
  },
  "__v": 0
},
{
  "_id": {
    "$oid": "67356be9ad874c3242e97aca"
  },
  "firstname": "Priyal",
  "lastname": "Shah",
  "email": "pshah@gmail.com",
  "password": "$2a$10$1NPtcbcyOS7rUADyWXMCF./xX/FCFfZ2HGgFOKKJ5WRo/Xw4QWoda",
  "createdAt": {
    "$date": "2024-11-14T03:18:01.118Z"
  },
  "updatedAt": {
    "$date": "2024-11-14T03:18:01.118Z"
  },
  "__v": 0
}]